KITE_Diatoms%,,,,SHCal20,,,,,,,,,,,Species %,,,,,,,,,,,,,,,,,,,,,,,,,,,,,,,,,,,,,,,,,,,,,,,,,,,,,,,,,,,,,,,SHCal20,,,
Core,Core depth,Field depth,Strat depth (cm) includes 5 cm surface moss,depth,min,max,median,mean,Acc rate (cm yr-1) SHCal13 1 cm ,Dry mass (Imogen),wet density (g cm-3),Dry density (g cm-3),DMAR SH20 (g cm-2 yr-1),Tephra shards/g,Luticola cf muicopsis,Surirella sp.1,Naviciladicta semiulum/obsoleta,Stauroneis cf. acidoclinata,Planothidium quadripunctatum,Planothidium sp.1 ,Plnothidium sp. 2,Planothidium frequentisima?,Cavinula pseudoscutformis,Muelleria frenguelli,Pinnularia cf. divergens var. linearis,Navicula cf. libonensis,Gomphonema sp. 2 (long and thin),Fatter Gomphonema (pavulum?),Gomphonema sp3,Psammothidium abundans ,"Smaller
Psammothidium abundans ",Orthoseria roseana,Navicula gregaria,Amphora oligotraphenta,achnanthes exigua ,Hippodona hungaric,Staurosirella pinnata ,Pinnularia borealis,Achnanthes muelleri,Thinner achnanthes,Hanztchia amphioxys,Fragilaria capucina (both long and short),Nitzchia perminuta,"Nitzchia gracilis (longer, more bulbus ends)",Nitzchia inconspicua,Placoneis cf. elginesis,Brachysira minor,"Achnanthidium minutissimum (99, 5)",Calconeis cf bacillum ,Diatomella balfouriana ,Naviciladicta semiulum,avicula cf. obsoleta?,Craticula subpampeana,Diatom cyst Stauro circula,Planothidium delicatulum  ®,Staurosira cf venter,Luticola hilgeri,Luticola cf cohnii,Pinnularia gemella,Nitzchia tryblionella,Staurosirella inermis,Opephora martyi.,Nitzchia paleacea,Pinnularia sbantarctica var. elongata,chamaepinnularia gerlachei,stauroneis cf. subgracilior,Navicula cinta,Psammothidium germainii,Stauoforma intermedia ,Navicula australoshetlandica,Incartae sedis,Microcostatus cf. naumanni,chamaepinnularia australomediocris,Diatom conc g cm-1 x10-6,PCA Axis 1,PCA Axis 2,Cholorphyll-a,Diatom DMAR g cm-1 yr-1,DCCA Axis 1,depth,
Kite 2.1,1,1,6,6,-6.87,-1.69,-4.92,-4.71,0.00437,56.76114474,1.277496,0.792216,0.003463088,1055.70,0,0,0,0.5739,1.1478,1.1477,0.0000,2.4390,1.1477,1.1865,0.9325,1.1477,1.1477,1.7216,0.0000,26.1198,1.1477,0.0000,0.0000,0.5739,0.5739,2.0086,21.6642,0.0000,3.2998,0.0000,0.4304,2.5107,0.0000,0.0000,0.8608,0.8608,1.4347,7.3170,2.0081,0.0000,0.8608,0.8608,0.0000,0.0000,1.0042,0.0000,0.0000,0.0000,0.0000,0.0000,0.0000,0.0000,3.6584,0.0000,0.0000,0.0000,0.0000,0.0000,0.0000,0.0000,0.0000,0.0000,0.0000,13.9135,-0.8652,0.0883,4.47918,0.048183674,0.2826,6,
Kite 2.1,2,2,7,7,158.89,279.27,227.37,224.05,0.00437,57.14932127,1.387702857,0.86216,0.003768841,656.66,0,0.1367,4.6779,0.6835,2.7341,0.2734,0.0000,3.9644,1.5038,0.5468,0.4786,0.8202,1.2303,0.5468,0.0000,26.2470,0.0000,0.0000,0.8202,0.0000,0.4101,2.0506,17.3616,0.2734,4.2379,0.0000,0.1360,1.0936,0.0000,0.8202,0.8202,0.0000,6.8535,5.3315,0.0000,0.5468,4.6470,0.1367,0.2734,1.0930,0.5469,0.0000,0.0000,0.0000,0.0000,0.0000,0.0000,0.0000,0.2734,0.0000,0.0000,0.0000,0.0000,0.0000,0.0000,0.0000,0.0000,0.0000,0.0000,45.833,-0.9328,0.2444,2.80659,0.172737276,0.2191,7,
Kite 2.1,3,3,8,8,322.91,561.65,459.28,452.81,0.00437,59.96997977,1.47572,0.93732,0.004097395,629.46,0,0,0,0.0000,2.8500,0.8415,0.0000,2.3843,1.5420,0.5610,0.1403,0.0000,1.4025,0.2805,0.0000,35.3436,0.5610,0.0000,1.6830,0.0000,0.0000,0.7013,16.2692,0.0000,1.6830,0.0000,0.0000,3.2959,0.5610,0.0000,0.5610,0.0000,0.5610,14.5860,0.0000,0.5610,0.0000,1.6830,0.0000,0.0000,1.6830,0.0000,0.0000,0.0000,0.0000,0.0000,0.0000,0.0000,2.1038,0.0000,0.0000,0.0000,0.0000,0.0000,0.0000,0.0000,0.0000,0.0000,0.0000,39.7101,-1.3235,0.095,3.50164,0.162707951,,8,
Kite 2.1,4,4,9,9,487.34,843.95,691.15,681.57,0.01651,59.11634839,1.38965,0.90785,0.014990918,753.99,0,0,1.0505,0.0000,4.4648,0.0000,0.0000,3.2830,2.6264,0.2626,0.1313,0.0000,1.4451,0.0000,0.0000,33.6178,0.0000,0.0000,0.2626,0.0000,1.0505,0.2626,24.6880,0.9192,2.1011,0.0000,0.0657,1.4451,0.0000,0.2626,0.5252,0.0000,9.9803,1.7072,0.0000,0.2626,0.2626,0.6565,0.2626,0.5252,1.7070,0.0000,0.0000,0.0000,0.0000,0.0000,0.0000,0.2626,1.5780,0.0000,0.0000,0.0000,0.0000,0.0000,0.0000,0.0000,0.0000,0.0000,0.0000,74.4784,-1.005,-0.065,3.31155,1.116499594,0.2929,9,
Kite 2.1,5,5,10,10,622.7,875.59,741.99,742.13,0.03303,61.66401696,1.423225,0.930825,0.030740588,1406.00,0,0,0,0.0000,8.7766,1.0638,0.0000,1.7288,1.8617,0.3324,0.9973,0.2660,0.9309,0.0000,0.0000,25.4643,0.3989,0.2660,0.2659,0.2659,0.7978,1.2630,24.1350,0.0000,2.9255,0.0000,0.0000,1.5293,0.5319,0.0000,0.9973,0.0000,0.5319,8.8777,0.5319,0.8643,0.7978,1.5957,0.0000,0.0000,1.7287,0.0000,0.0000,0.0000,0.0000,0.0000,0.0000,0.0000,1.9946,0.0000,0.0000,0.0000,0.0000,0.0000,0.0000,0.0000,0.0000,0.0000,0.0000,27.4867,-1.0902,0.1901,5.78998,0.844957316,0.1615,10,
Kite 2.1,6,6,11,11,675.96,897.12,766.79,772.41,0.00000,59.3996487,1.365582857,0.869582857,0,2127.02,0,0,0.5681,0.7102,1.9884,0.5682,0.0000,3.9773,1.8659,1.9880,0.4261,0.0000,0.8523,0.2841,0.0000,9.9432,0.0000,0.0000,0.0000,0.8522,2.1306,2.2727,39.3460,0.0000,1.4205,0.0000,0.1420,2.6988,0.5682,0.5682,0.5682,0.0000,4.5454,5.8237,0.4261,3.6925,0.8522,2.4147,0.9943,0.2841,3.2670,0.1420,0.1420,0.0000,0.0000,0.0000,0.0000,0.0000,0.9943,0.0000,0.0000,0.0000,0.2849,0.0000,0.0000,0.0000,0.0000,0.0000,0.0000,,,,,,,11,
Kite 2.1,7,7,12,12,675.96,897.12,766.79,772.41,0.01835,58.19981545,1.289888,0.822608,0.015093725,1929.85,0,0,0,0.7407,4.5679,1.1111,0.4938,2.4074,2.5925,0.8025,0.3086,0.2469,2.4691,0.0000,0.0000,22.9629,0.9877,0.1234,0.2469,0.3704,1.5432,1.1111,28.9500,0.0000,3.7037,0.0000,0.0617,1.1358,0.3704,1.4815,1.2345,0.4933,4.0741,3.4567,0.0000,0.9255,0.4938,1.48148,0.06172,0.0000,1.6049,0.0000,0.0000,0.0000,0.0000,0.7407,0.0000,0.0000,1.4815,0.0000,0.0000,0.0000,0.0000,0.0000,0.0000,0.0000,0.0000,0.0000,0.0000,29.8359,-0.8338,0.1299,7.37529,0.450334863,0.3602,12,
Kite 2.1,8,8,13,13,717.85,972.97,817.93,826.91,0.01809,60.00266622,1.14884,0.75556,0.013667873,1378.03,0,0,0,0.2952,4.1328,1.8080,0.0000,5.4610,3.2472,0.8800,1.2546,1.8081,1.3284,0.2952,0.0000,19.9260,0.0000,0.2952,0.1476,0.7380,2.9520,1.1808,26.1255,0.0000,1.1808,0.0000,0.1476,1.0332,0.8856,0.2952,0.2952,0.0000,4.1328,4.5756,0.2952,4.4220,0.8856,0.2952,0.2952,1.4760,0.4428,0.0000,1.0332,0.0000,0.0000,2.3616,0.0000,0.4428,1.1808,0.0000,0.0000,0.0000,0.0000,0.2952,0.0000,0.0000,0.0000,0.0000,0.0000,24.9245,-0.3429,0.2523,5.59866,0.340664892,0.5103,13,
Kite 2.1,9,9,14,14,755.85,1062.51,871.47,882.19,0.02111,35.32893573,1.32464,0.878506667,0.018545634,710.42,0,0.06404,0,0.3908,4.2997,1.1726,0.0000,4.5603,2.4756,0.0000,1.2377,0.2605,0.5211,1.6565,0.0000,18.0650,0.7687,0.2562,0.0000,0.1922,0.2562,2.0496,22.4850,0.0000,4.4840,0.0000,0.6514,0.9609,0.9609,0.8968,0.7673,0.0000,3.0749,3.8436,0.2562,0.0000,0.5125,2.4983,0.06406,0.3714,3.4104,0.0000,0.2562,0.0000,0.0000,2.6905,0.0000,0.2562,0.5125,0.0000,0.0000,0.0000,0.0000,0.0000,0.2562,0.0000,0.0000,0.0000,0.0000,40.1257,-0.9185,0.0611,4.28862,0.744156533,0.3585,14,
Kite 2.1,10,10,15,15,785.89,1125.78,921.21,929.56,0.02111,60.91399126,1.40375,0.93425,0.019722398,527.71,0,0,1.4152,0.0000,1.6985,0.5662,0.0000,4.2463,4.8125,0.1415,0.2830,1.9815,1.6985,0.2803,0.0000,18.2590,0.2804,0.1415,0.4246,0.0000,0.9202,2.4062,23.7790,0.0000,0.5662,0.0000,0.0000,1.1323,0.8490,0.2804,0.5662,0.2831,7.2187,7.8485,0.7077,0.7077,0.5661,3.3970,0.0000,0.5662,4.8124,0.0000,0.1415,0.0000,0.0000,0.7077,0.0000,0.2830,3.1139,0.0000,0.0000,0.0000,0.2831,0.0000,0.0000,0.2831,0.2831,0.0000,0.0000,61.5884,-0.8317,0.4005,5.15683,1.214670946,0.4637,15,
Kite 2.1,11,11,16,16,803.09,1212.78,965.84,976.93,0.02063,61.24560296,1.215253333,0.824053333,0.017001307,575.93,0,0,1.1644,0.4367,1.7468,0.0000,0.0000,5.0218,3.9301,0.0000,0.9461,0.1456,0.0000,0.4366,0.0000,15.2838,0.2911,0.0000,0.2911,0.5822,2.7655,1.9651,37.0404,0.1455,2.7655,0.0000,0.0000,0.2911,0.0000,1.4550,0.0000,0.0000,4.5123,3.6389,0.5822,0.7278,0.4367,2.3290,0.2911,0.5822,2.4745,0.0000,0.0000,0.0000,0.0000,0.2911,0.0000,0.4326,1.1645,0.0000,0.0000,0.0000,0.0000,0.0000,0.0000,0.0000,0.0000,0.0000,0.0000,15.0539,-0.6575,-0.1402,3.97931,0.25593597,0.5826,16,
Kite 2.1,12,12,17,17,832.28,1301.46,1008.87,1025.40,0.01996,67.71733033,1.26814,0.86094,0.017181002,596.83,0,0,2.2026,0.8631,0.2894,0.0000,0.0000,4.7768,4.7756,0.0000,1.3025,0.0000,2.1071,0.2894,0.0000,12.1560,0.0000,0.0000,0.2894,0.0000,2.7496,1.7366,42.2570,0.0000,2.2340,1.1577,0.1441,0.5588,0.2894,0.7235,0.2894,0.8683,3.1830,3.4732,1.7366,1.1577,0.0000,1.7316,0.5788,0.5788,2.3104,0.0000,0.2894,0.0000,0.0000,0.2894,0.0000,0.0000,0.4341,0.0000,0.0000,0.0000,0.0000,0.0000,0.0000,0.0000,0.2894,0.2894,0.2894,15.6549,-0.3353,-0.2196,6.30802,0.268966865,0.7232,17,
Kite 2.1,13,13,18,18,865.28,1362.56,1059.12,1075.51,0.01996,62.93759572,1.402304,0.941424,0.018787148,832.87,0.2639,0,0.7939,0.9898,0.8918,0.0000,0.0000,3.0355,9.6344,0.0000,2.5735,0.3959,0.7919,1.1878,0.0000,12.8679,1.0558,0.1979,1.2537,1.0558,1.9297,2.5076,34.8422,0.3959,2.5735,0.0000,0.0264,0.0000,0.0000,0.7918,0.5279,0.0000,2.2436,2.2436,0.1319,3.0355,0.0000,1.0558,0.7918,0.1320,1.5837,0.0000,0.0000,0.0000,0.0000,0.2639,0.0000,0.5279,0.5279,0.0000,0.0000,0.0000,0.0000,0.0000,0.0000,0.0000,0.0000,0.0000,0.0000,11.0486,-0.1259,-0.2391,7.28843,0.207571686,0.7984,18,
Kite 2.1,14,14,19,19,892.25,1442.79,1111.97,1125.62,0.02018,59.02844254,1.707226667,1.10016,0.022198547,1239.26,0,0.1415,1.9815,0.1414,1.4152,0.5662,0.0000,2.9723,9.9080,0.0000,0.9907,0.0000,0.7077,0.5662,0.0000,18.5421,1.1323,0.1415,0.1415,0.0000,1.6985,2.5477,34.5360,0.5661,2.2300,0.0000,0.0708,0.7077,0.0000,0.4246,0.0000,0.4262,3.3970,2.1231,0.2831,1.1323,0.5661,1.4152,0.1415,0.2831,2.2544,0.0000,0.0000,0.0000,0.0000,0.1415,0.0000,0.0000,1.6908,0.0000,0.0000,0.0000,0.0000,0.0000,0.0000,0.0000,0.0000,0.0000,0.0000,44.2666,-0.5353,0.009,7.68291,0.98265421,0.6353,19,
Kite 2.1,15,15,20,20,926.49,1517.13,1161.06,1175.18,0.02051,67.23425778,1.444832,0.972512,0.019944873,502.11,0,0.1363,2.2084,0.1380,8.0550,0.2861,0.2727,1.7943,3.8647,0.0000,1.3112,2.0400,0.0000,0.7232,0.0000,21.1180,2.4845,0.0000,1.0907,0.0000,0.9662,1.2270,17.0416,0.5453,1.9087,0.0000,0.0000,3.2720,0.2727,1.9087,0.0000,0.2727,1.0907,7.7710,0.4090,0.5521,0.2727,1.0907,0.4090,0.0000,2.1949,0.0000,0.0000,0.0000,0.0000,0.0000,0.0000,0.0000,1.9087,0.0000,0.0000,0.0000,0.0000,0.0000,0.0000,0.0000,0.0000,0.0000,0.0000,17.2008,-1.0435,0.4418,6.9355,0.343067769,0.2164,20,
Kite 2.1,16,16,21,21,974.1,1576.24,1211.94,1223.94,0.02051,63.56950096,1.81553,1.22693,0.025162633,590.25,0,0,1.55038,0.0000,2.3256,0.0000,0.0000,2.1318,1.9379,0.0000,0.3875,2.3256,0.7752,0.0000,0.0000,22.8680,0.7751,0.0000,0.3876,0.3876,0.0000,0.7752,12.9844,0.0000,0.3875,0.7752,0.0000,2.1313,0.0000,0.5813,0.0000,0.0000,4.2631,12.0155,0.0000,0.7752,0.7752,1.3565,0.3875,2.2356,2.1317,0.0000,0.3875,0.0000,0.0000,0.0000,0.0000,0.2727,2.7131,0.0000,0.8775,0.0000,0.0000,0.0000,0.0000,0.3875,0.3876,1.1627,1.1627,21.5538,-0.9067,0.3085,4.24503,0.542350366,0.2327,21,
Kite 2.1,17,17,22,22,999.2,1637.82,1262.53,1272.7,0.02166,67.92237149,1.522074286,1.033617143,0.022387203,701.74,0,0,1.40944,0.5638,1.6913,0.5637,0.0000,5.9197,3.8055,0.0000,0.7047,0.0000,1.9730,0.2819,0.0000,13.8125,0.8467,0.1409,0.0000,1.5504,0.5638,7.1882,14.6581,2.1141,4.3560,3.5230,0.0000,8.0313,0.0000,0.5637,0.5637,0.0000,5.7781,4.2283,0.2819,1.2685,0.8457,1.8322,0.2818,0.1409,2.2550,1.9732,0.0000,0.0000,0.0000,0.0000,0.2819,0.1491,3.6646,0.0000,0.0000,0.0000,0.0000,0.0000,0.0000,0.0000,0.0000,0.0000,0.0000,21.3917,-0.3303,0.412,2.96924,0.478900321,0.7116,22,
Kite 2.1,19,19,24,24,1081.53,1787.29,1355.32,1365.04,0.02219,60.30323859,1.41646,0.92001,0.020417443,333.22,0,0.0662,0.529801,0.6623,1.8543,0.8947,0.2649,7.0199,4.9007,0.0000,0.8609,0.0000,1.5893,1.7218,0.0000,11.6550,1.0569,0.8609,0.0000,0.3973,0.1324,2.2516,16.0265,1.1921,4.3400,2.1191,0.0000,7.1840,0.0000,0.1324,1.0596,0.0000,7.8136,5.8270,0.8609,3.8411,0.0000,1.4569,0.7947,0.6625,1.9867,0.7947,0.6623,0.0000,0.0000,0.0000,0.0000,0.5289,2.7815,0.0000,0.0000,0.0000,0.0000,0.0000,0.0000,0.0000,0.0000,0.0000,0.0000,10.2978,-0.1354,0.312,3.03882,0.210254749,0.7296,24,
Kite 2.1,20,20,25,25,1110.84,1889.02,1400.71,1410.1,0.02261,77.78692871,1.432128,0.960128,0.021707619,676.54,0,0,0,3.1250,0.6944,0.6944,0.0000,3.8194,6.2500,0.0000,6.9444,0.3477,5.5555,2.4305,22.9160,4.8611,0.0000,1.7361,0.6944,0.0000,1.7936,1.7361,9.2014,0.0000,1.3888,1.0410,0.3472,2.2560,0.0000,0.0000,0.0000,0.3472,3.1250,0.0000,0.8681,3.1244,0.3472,0.1736,3.9931,2.0833,1.5624,1.3888,0.0000,0.0000,1.0417,0.0000,0.0000,0.3472,0.6944,0.0000,0.0000,0.0000,0.0000,0.0000,0.0000,0.0000,0.0000,0.0000,0.0000,1.8948,1.5672,-0.5172,2.99747,0.041131597,1.6408,25,
Kite 2.1,21,21,26,26,1159.35,1952.39,1444.73,1454.33,0.02327,66.38759052,1.545945,1.054245,0.024531588,563.07,0,0.21818,0.8727,0.9454,1.7454,0.2909,0.0000,5.5272,6.9818,0.0000,4.0000,0.4362,5.8182,1.6000,0.0000,12.0720,0.8727,0.9455,0.2181,0.0000,1.5272,1.8909,13.9613,0.2909,2.4727,0.0000,0.0000,3.3454,0.0000,0.0000,0.0000,0.0000,2.6180,5.2360,1.1636,2.5263,0.0000,1.4554,2.9810,2.3727,1.8914,1.0182,0.2909,0.0000,0.5818,0.0000,0.0000,0.5818,0.8723,0.0000,0.0000,0.0000,0.0000,0.0000,0.0000,0.0000,0.0000,0.0000,0.0000,3.36204,0.1544,-0.0571,2.42792,0.082476181,0.889,26,
Kite 2.1,23,23,28,28,1271.23,2010.46,1529.81,1540.28,0.02384,67.11284712,1.655775,1.152475,0.027472586,658.86,0,0,0,1.1049,0.3683,0.0000,0.0000,2.2099,3.3149,0.0000,11.0497,0.0000,4.0516,1.1049,12.1546,3.3149,0.0000,0.9208,0.3683,7.7338,3.3149,1.8416,10.8655,0.0000,1.1049,0.0000,0.3683,2.5782,0.0000,0.1841,0.0000,0.0000,5.1564,1.8412,0.3683,5.7163,0.3683,1.1049,4.6040,4.4198,1.4632,1.8416,0.3682,0.0000,0.3683,0.0000,0.0000,0.0000,1.1049,0.0000,0.0000,0.0000,0.0000,0.0000,0.0000,0.0000,0.0000,0.0000,0.0000,1.75035,1.5299,-0.4879,2.86851,0.048086642,1.5504,28,
Kite 2.1,24,24,29,29,1322.83,2062.36,1570.98,1582.23,0.02475,64.98427757,1.43804,0.972554286,0.024067169,591.23,0,0,0.6083,1.0646,0.3042,0.0000,0.0000,2.7376,1.5209,0.0000,4.1821,0.0000,10.3422,0.9125,0.0000,11.4068,0.0000,0.3802,0.0000,1.2167,4.1065,2.1298,12.9277,0.6083,1.5208,0.0000,0.1521,3.7262,1.5209,0.0000,0.3041,0.0000,5.1711,2.8897,0.0000,7.6000,0.3042,3.3460,2.8136,0.0000,3.3460,0.3042,0.7604,0.0000,0.0000,0.0000,0.0000,0.3041,2.1928,0.0000,0.0000,0.0000,0.0000,0.0000,0.0000,0.0000,0.0000,0.0000,0.0000,4.97467,0.3705,-0.3607,2.43143,0.119726222,1.0043,29,
Kite 2.1,25,25,30,30,1372.08,2119.04,1607.25,1622.64,0.02475,63.78387821,1.498268571,0.976897143,0.024180622,844.21,0,0,0.3284077,0.7112,1.3136,0.0000,0.0000,3.7767,0.8210,0.0000,3.2841,0.0000,7.0608,2.1346,0.0000,15.5993,0.6568,0.0821,0.1642,1.6420,5.4187,1.4778,14.7783,0.9852,0.1642,0.0000,0.0000,7.6354,0,0,0.3284,0.0000,10.6732,0.0000,0.0000,8.5290,0.0000,3.4482,1.4778,0.4926,3.4482,0.0000,0.3284,0.0000,0.0000,0.0000,0.0000,0.0000,1.1492,0.0000,0.0000,0.0000,0.0000,0.0000,0.0000,0.0000,0.0000,0.0000,0.0000,5.95632,0.3642,-0.5317,2.04615,0.144027525,0.9243,30,
Kite 2.1,26,26,31,31,1400.09,2163.51,1650.93,1663.04,0.02195,53.10923471,1.580422857,0.998994286,0.021927004,10775.98,0,0,0,0.5835,0.2918,0.0000,0.0000,2.6528,0.5835,0.0000,3.7929,0.0000,3.7929,1.7505,0.0000,6.2729,0.2918,0.0730,0.2918,1.4588,4.5222,0.5835,16.4843,0.0000,0.5835,0.0000,0.2918,1.5776,0.2918,0.0000,0.0000,0.0000,4.6681,0.8752,0.4376,31.2588,0.2918,2.0423,1.09409,2.0423,2.3341,0.8752,0.0000,0.2918,0.0000,0.2918,0.0000,0.0000,0.8752,0.0000,0.0000,0.0000,0.0000,0.0000,0.0000,0.0000,0.0000,0.0000,0.0000,3.76555,1.018,-0.8468,1.71822,0.082567229,1.4062,31,
Kite 2.1,27,27,32,32,1464.71,2218.83,1691.91,1708.6,0.00000,63.13229788,1.29275,0.82495,0,37927.53,0,0,0,0.0000,0.2987,0.0000,0.0000,1.6721,0.0000,0.0000,0.9615,0.5917,1.0355,0.0000,0.0000,2.0710,0.2959,0.0000,0.0000,0.2959,4.2899,0.2959,14.7920,0.0000,1.4793,0.0000,0.0000,0.5917,0.0000,0.0000,0.2985,0.5917,2.6672,0.8876,0.4438,54.2873,0.0000,0.2959,1.92307,0.3698,0.5917,0.2958,0.0000,0.5917,0.0000,0.0000,0.0000,0.0000,0.7395,0.0000,0.0000,0.0000,0.0000,0.0000,0.0000,0.0000,0.0000,0.0000,0.0000,5.31522,1.0629,-1.5304,2.91667,0,1.726,32,
Kite 1.1,5,28.5,33.5,33.5,1464.71,2218.83,1691.91,1708.6,0.03128,73.93577296,1.532785,1.141235,0.035702644,26802.98,0,0.1379,0.8275,0.1379,2.6207,1.1034,0.2758,7.4480,0.8275,0.0000,0.6897,0.5517,0.6897,0.0000,0.0000,4.5517,0.0000,0.2786,0.4138,1.1034,0.9655,6.0689,29.9310,0.8275,3.4482,0.0000,0.4138,1.1379,0.5517,0.0000,0.5517,0.9655,4.8275,2.8965,0.0000,0.2758,0.0000,1.1034,1.1034,0.4138,2.6206,0.0000,0.0000,0.8275,0.0000,0.0000,0.0000,0.5517,1.3793,0.0000,0.0000,0.0000,0.0000,0.0000,0.0000,0.0000,0.0000,0.0000,0.0000,7.05643,-0.5425,-0.475,3.78592,0.251933205,0.707,33.5,
Kite 1.1,7,30.5,35.5,35.5,1612.8,2275.48,1743.77,1772.53,0.00659,63.71863985,1.173432,0.760872,0.005014479,423.33,0,0,1.1887,0.5943,2.9710,0.2971,0.0000,3.1204,8.6181,0.0000,1.9310,2.5200,1.9310,0.5943,0.0000,16.9390,1.1887,0.4457,0.5940,0.3358,0.5941,5.4977,16.1961,1.1887,1.9316,0.0000,0.0000,0.8915,0.2971,0.7429,0.2971,0.4457,1.0401,3.5661,1.4588,2.3774,1.1887,0.8915,0.5943,1.7836,1.7830,0.0000,0.0000,0.2971,0.0000,0.0000,0.0000,0.0000,3.1204,0.2971,0.0000,0.0000,0.0000,0.0000,0.0000,0.0000,0.0000,0.0000,0.0000,24.5133,-0.2944,0.3883,6.86705,0.122921433,0.6652,35.5,
Kite 1.1,9,32.5,37.5,37.5,1878.71,2498.01,2059.37,2076,0.00326,72.2812424,1.356868571,0.892468571,0.002907443,490.14,0,0.1442,1.4242,0.4560,3.2710,0.2849,0.0000,4.9786,1.1390,0.0000,1.1379,1.2801,1.8492,0.2844,0.0000,15.5049,0.5680,0.0000,0.7112,0.9957,2.8449,2.7020,21.0526,0.8536,1.1379,2.2759,1.7069,1.7069,1.7068,0.8534,1.1379,0.0000,3.9829,5.9740,1.1379,1.4224,1.7069,1.1379,0.0000,1.4224,1.7068,0.0000,0.0000,0.0000,0.0000,0.2844,0.0000,0.0000,2.1337,0.0000,0.0000,0.0000,0.0000,0.0000,0.0000,0.0000,0.0000,0.0000,0.0000,6.1966,-0.5692,0.4766,4.38847,0.018016259,0.5393,37.5,
Kite 1.1,13,36.5,41.5,41.5,2960.61,3538.2,3325,3303.84,0.00686,71.43530313,1.372864,0.924704,0.006345541,732.01,0,0,0.57102,0.8565,0.0000,0.5710,0.0000,6.4298,10.7066,0.0000,3.1406,0.0000,3.5688,1.4275,2.2841,5.5675,0.5710,0.2855,0.0000,1.4276,2.9978,1.5703,34.5467,0.0000,2.8551,2.2840,0.0714,0.5710,0.2855,0.2855,0.2855,0.0000,3.4260,0.0000,0.7138,1.7131,0.2855,1.8558,0.1427,3.1406,2.7123,0.0000,0.1427,0.0000,0.2855,0.0000,0.0000,1.4275,0.5710,0.0000,0.0000,0.2855,0.0000,0.0000,0.0000,0.0000,0.0000,0.2855,0.0000,6.39864,0.6544,-0.5009,3.55748,0.040602834,1.1417,41.5,
Kite 1.1,15,38.5,43.5,43.5,3410.48,3756.9,3598.31,3595.29,0.03295,68.68864469,1.463457143,1.0118,0.03334322,911.85,0,0,0,3.1173,0.0000,0.0000,0.0000,1.8076,21.6570,0.0000,2.7070,0.0000,3.6095,0.3281,3.1173,5.2502,0.0000,0.3281,0.0000,2.9532,2.6251,0.8203,29.3683,0.0000,0.9844,1.3125,0.1640,0.0000,0.0000,0.0000,0.0000,0.0000,0.3281,0.0000,0.4922,13.7767,0.0000,0.3281,0.0000,1.9688,0.3281,1.4766,0.0000,0.0000,0.0000,0.0000,0.0000,0.3281,0.0000,0.0000,0.0000,0.0000,0.0000,0.0000,0.0000,0.0000,0.0000,0.0000,0.0000,2.97335,1.4285,-1.1301,6.33118,0.099141062,1.5401,43.5,
Kite 1.1,17,40.5,45.5,45.5,3494.77,3846.43,3652.75,3655.98,0.00894,64.36912899,1.49684,1.015773333,0.009077104,885.87,0,0,0,0.4464,0.0000,0.0000,0.0000,4.3154,24.2559,0.0000,2.6786,0.2979,5.0595,1.0417,10.8310,3.4643,0.0000,1.1904,0.0000,1.3393,4.1666,0.8929,8.6309,0.0000,2.0833,0.2961,0.0000,0.1488,0.0000,0.0000,0.0000,0.5952,3.2738,0.0000,0.0000,13.3979,0.0000,0.0000,1.1904,1.7857,0.2976,2.6786,0.0000,0.0000,0.0000,0.0000,0.0000,0.0000,0.0000,1.4881,0.0000,0.0000,0.0000,0.0000,0.0000,0.0000,0.0000,0.2798,0.0000,7.22445,1.9279,-1.1018,8.6016,0.065577085,1.8681,45.5,
Kite 1.1,19,42.5,47.5,47.5,3613.63,4273.91,3857.46,3879.79,0.01224,68.7043414,1.440765,0.962165,0.011779719,882.69,0,0.35118,0,1.2291,0.3512,0.3511,0.3511,3.8630,14.3986,0.0000,4.1264,0.0000,7.5505,0.7028,9.8332,5.2678,0.3511,0.8024,0.0000,1.5803,4.5654,3.1606,11.5891,0.0000,0.5268,1.5803,0.1756,0.5268,0.0000,0.0000,0.0000,0.0000,1.7559,0.3512,0.1760,10.1819,0.3512,1.7559,2.6389,1.7559,2.2827,2.2827,0.3511,0.0000,0.1756,0.0000,0.0000,0.0000,0.7023,0.0000,0.0000,0.0000,0.0000,0.0000,0.0000,0.0000,0.0000,0.0000,0.0000,6.2396,1.6571,-0.4729,1.77936,0.073500737,1.6187,47.5,
,,,,,,,,,,,,,,,,,,,,,,,,,,,,,,,,,,,,,,,,,,,,,,,,,,,,,,,,,,,,,,,,,,,,,,,,,,,,,,,,,
,,,,,,,,,,,,,,,,,,,,,,,,,,,,,,,,,,,,,,,,,,,,,,,,,,,,,,,,,,,,,,,,,,,,,,,,,,,,,,,,,
,,,,,,,,,,,,,,,,,,,,,,,,,,,,,,,,,,,,,,,,,,,,,,,,,,,,,,,,,,,,,,,,,,,,,,,,,,,,,,,,,
,,,,,,,,,,,,,,,,,,,,,,,,,,,,,,,,,,,,,,,,,,,,,,,,,,,,,,,,,,,,,,,,,,,,,,,,,,,,,,,,,
,,,,,,,,,,,,,,,,,,,,,,,,,,,,,,,,,,,,,,,,,,,,,,,,,,,,,,,,,,,,,,,,,,,,,,,,,,,,,,,,,
,,,,,,,,,,,,,,,,,,,,,,,,,,,,,,,,,,,,,,,,,,,,,,,,,,,,,,,,,,,,,,,,,,,,,,,,,,,,,,,,,
,,,,,,,,,,,,,,,,,,,,,,,,,,,,,,,,,,,,,,,,,,,,,,,,,,,,,,,,,,,,,,,,,,,,,,,,,,,,,,,,,
,,,,,,,,,,,,,,,,,,,,,,,,,,,,,,,,,,,,,,,,,,,,,,,,,,,,,,,,,,,,,,,,,,,,,,,,,,,,,,,,,
,,,,,,,,,,,,,,,,,,,,,,,,,,,,,,,,,,,,,,,,,,,,,,,,,,,,,,,,,,,,,,,,,,,,,,,,,,,,,,,,,
,,,,,,,,,,,,,,,,,,,,,,,,,,,,,,,,,,,,,,,,,,,,,,,,,,,,,,,,,,,,,,,,,,,,,,,,,,,,,,,,,
,,,,,,,,,,,,,,,,,,,,,,,,,,,,,,,,,,,,,,,,,,,,,,,,,,,,,,,,,,,,,,,,,,,,,,,,,,,,,,,,,
,,,,,,,,,,,,,,,,,,,,,,,,,,,,,,,,,,,,,,,,,,,,,,,,,,,,,,,,,,,,,,,,,,,,,,,,,,,,,,,,,
,,,,,,,,,,,,,,,,,,,,,,,,,,,,,,,,,,,,,,,,,,,,,,,,,,,,,,,,,,,,,,,,,,,,,,,,,,,,,,,,,
,,,,,,,,,,,,,,,,,,,,,,,,,,,,,,,,,,,,,,,,,,,,,,,,,,,,,,,,,,,,,,,,,,,,,,,,,,,,,,,,,
,,,,,,,,,,,,,,,,,,,,,,,,,,,,,,,,,,,,,,,,,,,,,,,,,,,,,,,,,,,,,,,,,,,,,,,,,,,,,,,,,
,,,,,,,,,,,,,,,,,,,,,,,,,,,,,,,,,,,,,,,,,,,,,,,,,,,,,,,,,,,,,,,,,,,,,,,,,,,,,,,,,
,,,,,,,,,,,,,,,,,,,,,,,,,,,,,,,,,,,,,,,,,,,,,,,,,,,,,,,,,,,,,,,,,,,,,,,,,,,,,,,,,
,,,,,,,,,,,,,,,,,,,,,,,,,,,,,,,,,,,,,,,,,,,,,,,,,,,,,,,,,,,,,,,,,,,,,,,,,,,,,,,,,
,,,,,,,,,,,,,,,,,,,,,,,,,,,,,,,,,,,,,,,,,,,,,,,,,,,,,,,,,,,,,,,,,,,,,,,,,,,,,,,,,
,,,,,,,,,,,,,,,,,,,,,,,,,,,,,,,,,,,,,,,,,,,,,,,,,,,,,,,,,,,,,,,,,,,,,,,,,,,,,,,,,
,,,,,,,,,,,,,,,,,,,,,,,,,,,,,,,,,,,,,,,,,,,,,,,,,,,,,,,,,,,,,,,,,,,,,,,,,,,,,,,,,
,,,,,,,,,,,,,,,,,,,,,,,,,,,,,,,,,,,,,,,,,,,,,,,,,,,,,,,,,,,,,,,,,,,,,,,,,,,,,,,,,
,,,,,,,,,,,,,,,,,,,,,,,,,,,,,,,,,,,,,,,,,,,,,,,,,,,,,,,,,,,,,,,,,,,,,,,,,,,,,,,,,
,,,,,,,,,,,,,,,,,,,,,,,,,,,,,,,,,,,,,,,,,,,,,,,,,,,,,,,,,,,,,,,,,,,,,,,,,,,,,,,,,
,,,,,,,,,,,,,,,,,,,,,,,,,,,,,,,,,,,,,,,,,,,,,,,,,,,,,,,,,,,,,,,,,,,,,,,,,,,,,,,,,
,,,,,,,,,,,,,,,,,,,,,,,,,,,,,,,,,,,,,,,,,,,,,,,,,,,,,,,,,,,,,,,,,,,,,,,,,,,,,,,,,
,,,,,,,,,,,,,,,,,,,,,,,,,,,,,,,,,,,,,,,,,,,,,,,,,,,,,,,,,,,,,,,,,,,,,,,,,,,,,,,,,
,,,,,,,,,,,,,,,,,,,,,,,,,,,,,,,,,,,,,,,,,,,,,,,,,,,,,,,,,,,,,,,,,,,,,,,,,,,,,,,,,
,,,,,,,,,,,,,,,,,,,,,,,,,,,,,,,,,,,,,,,,,,,,,,,,,,,,,,,,,,,,,,,,,,,,,,,,,,,,,,,,,
,,,,,,,,,,,,,,,,,,,,,,,,,,,,,,,,,,,,,,,,,,,,,,,,,,,,,,,,,,,,,,,,,,,,,,,,,,,,,,,,,
,,,,,,,,,,,,,,,,,,,,,,,,,,,,,,,,,,,,,,,,,,,,,,,,,,,,,,,,,,,,,,,,,,,,,,,,,,,,,,,,,
,,,,,,,,,,,,,,,,,,,,,,,,,,,,,,,,,,,,,,,,,,,,,,,,,,,,,,,,,,,,,,,,,,,,,,,,,,,,,,,,,
,,,,,,,,,,,,,,,,,,,,,,,,,,,,,,,,,,,,,,,,,,,,,,,,,,,,,,,,,,,,,,,,,,,,,,,,,,,,,,,,,
,,,,,,,,,,,,,,,,,,,,,,,,,,,,,,,,,,,,,,,,,,,,,,,,,,,,,,,,,,,,,,,,,,,,,,,,,,,,,,,,,
,,,,,,,,,,,,,,,,,,,,,,,,,,,,,,,,,,,,,,,,,,,,,,,,,,,,,,,,,,,,,,,,,,,,,,,,,,,,,,,,,
,,,,,,,,,,,,,,,,,,,,,,,,,,,,,,,,,,,,,,,,,,,,,,,,,,,,,,,,,,,,,,,,,,,,,,,,,,,,,,,,,
,,,,,,,,,,,,,,,,,,,,,,,,,,,,,,,,,,,,,,,,,,,,,,,,,,,,,,,,,,,,,,,,,,,,,,,,,,,,,,,,,
,,,,,,,,,,,,,,,,,,,,,,,,,,,,,,,,,,,,,,,,,,,,,,,,,,,,,,,,,,,,,,,,,,,,,...,...,...,...,...,,,,,,,,